,ts_code,trade_date,open,high,low,close,pre_close,change,pct_chg,vol,amount
0,002500.SZ,20200716,8.9,9.15,8.35,8.37,8.87,-0.5,-5.637,1349225.16,1188715.853
1,002500.SZ,20200715,9.46,9.53,8.85,8.87,9.34,-0.47,-5.0321,1389722.65,1263060.949
2,002500.SZ,20200714,9.33,9.52,9.06,9.34,9.46,-0.12,-1.2685,1658548.98,1543271.872
3,002500.SZ,20200713,9.3,9.97,9.3,9.46,9.19,0.27,2.938,2261779.82,2170190.342
4,002500.SZ,20200710,8.95,9.5,8.84,9.19,9.27,-0.08,-0.863,2245683.55,2059160.251
5,002500.SZ,20200709,9.2,9.53,9.04,9.27,9.53,-0.26,-2.7282,2085522.39,1925710.679
6,002500.SZ,20200708,8.85,9.87,8.82,9.53,9.08,0.45,4.9559,2551542.73,2380503.984
7,002500.SZ,20200707,9.5,9.64,8.79,9.08,8.79,0.29,3.2992,2832941.82,2643261.362
8,002500.SZ,20200706,8.44,8.79,8.31,8.79,7.99,0.8,10.0125,1126150.06,971492.05
9,002500.SZ,20200703,7.57,7.99,7.53,7.99,7.26,0.73,10.0551,2134259.96,1656820.345
10,002500.SZ,20200702,6.56,7.26,6.54,7.26,6.6,0.66,10.0,1195147.64,836017.547
11,002500.SZ,20200701,6.48,6.6,6.43,6.6,6.54,0.06,0.9174,505725.96,330030.614
12,002500.SZ,20200630,6.31,6.66,6.28,6.54,6.39,0.15,2.3474,657607.83,424147.722
13,002500.SZ,20200629,6.71,6.71,6.37,6.39,6.1,0.29,4.7541,874022.34,571542.403
14,002500.SZ,20200616,6.41,6.45,6.36,6.39,6.39,0.0,0.0,389453.09,249122.222
15,002500.SZ,20200615,6.54,6.6,6.38,6.39,6.56,-0.17,-2.5915,446757.41,289839.589
16,002500.SZ,20200612,6.65,6.65,6.5,6.56,6.78,-0.22,-3.2448,430018.84,282676.761
17,002500.SZ,20200611,6.88,6.95,6.78,6.78,6.88,-0.1,-1.4535,232540.3,159419.342
18,002500.SZ,20200610,6.98,6.98,6.87,6.88,6.97,-0.09,-1.2912,149625.01,103288.653
19,002500.SZ,20200609,6.97,7.03,6.93,6.97,6.96,0.01,0.1437,151729.18,106001.228
20,002500.SZ,20200608,7.03,7.05,6.94,6.96,7.01,-0.05,-0.7133,134009.41,93633.18
21,002500.SZ,20200605,7.01,7.04,6.95,7.01,6.99,0.02,0.2861,141086.42,98757.633
22,002500.SZ,20200604,7.08,7.08,6.99,6.99,7.03,-0.04,-0.569,117265.64,82393.602
23,002500.SZ,20200603,7.14,7.16,7.03,7.03,7.1,-0.07,-0.9859,141725.45,100503.324
24,002500.SZ,20200602,7.15,7.21,7.1,7.1,7.16,-0.06,-0.838,166426.34,118839.791
25,002500.SZ,20200601,7.09,7.2,7.04,7.16,6.93,0.23,3.3189,306709.72,218893.069
26,002500.SZ,20200529,6.92,6.97,6.89,6.93,6.92,0.01,0.1445,87261.45,60441.927
27,002500.SZ,20200528,6.94,7.08,6.9,7.02,6.91,0.11,1.5919,129202.04,90491.967
28,002500.SZ,20200527,6.98,6.99,6.9,6.91,6.97,-0.06,-0.8608,68462.21,47388.837
29,002500.SZ,20200526,6.91,6.98,6.9,6.97,6.87,0.1,1.4556,67133.48,46645.852
30,002500.SZ,20200525,6.86,6.94,6.84,6.87,6.86,0.01,0.1458,62529.5,43020.83
31,002500.SZ,20200522,7.02,7.06,6.86,6.86,7.03,-0.17,-2.4182,140938.3,97980.852
32,002500.SZ,20200521,7.09,7.11,7.03,7.03,7.07,-0.04,-0.5658,74076.78,52369.38
33,002500.SZ,20200520,7.07,7.12,7.04,7.07,7.07,0.0,0.0,90718.86,64186.276
34,002500.SZ,20200519,7.1,7.12,7.04,7.07,7.03,0.04,0.569,75264.65,53263.712
35,002500.SZ,20200518,7.03,7.09,6.99,7.03,7.04,-0.01,-0.142,81968.29,57769.613
36,002500.SZ,20200515,7.07,7.09,7.03,7.04,7.02,0.02,0.2849,79679.23,56223.982
37,002500.SZ,20200514,7.08,7.1,7.01,7.02,7.1,-0.08,-1.1268,92226.24,65026.292
38,002500.SZ,20200513,7.07,7.13,7.06,7.1,7.11,-0.01,-0.1406,87517.09,62112.373
39,002500.SZ,20200512,7.16,7.18,7.06,7.11,7.13,-0.02,-0.2805,84628.72,60280.484
40,002500.SZ,20200511,7.2,7.24,7.09,7.13,7.21,-0.08,-1.1096,154272.34,110475.523
41,002500.SZ,20200508,7.13,7.3,7.1,7.21,7.08,0.13,1.8362,228623.75,164680.398
42,002500.SZ,20200507,7.14,7.17,7.05,7.08,7.12,-0.04,-0.5618,128728.6,91464.684
43,002500.SZ,20200506,6.99,7.12,6.96,7.12,7.08,0.04,0.565,137799.88,97069.558
44,002500.SZ,20200430,6.91,7.09,6.91,7.08,6.88,0.2,2.907,170415.97,119884.355
45,002500.SZ,20200429,6.86,6.94,6.86,6.88,6.88,0.0,0.0,66031.23,45604.587
46,002500.SZ,20200428,6.94,7.01,6.8,6.88,6.88,0.0,0.0,137699.7,95333.654
47,002500.SZ,20200427,6.92,6.98,6.85,6.88,6.91,-0.03,-0.4342,92084.71,63681.855
48,002500.SZ,20200424,7.01,7.03,6.87,6.91,7.01,-0.1,-1.4265,125837.0,87477.269
49,002500.SZ,20200423,7.04,7.06,7.0,7.01,7.04,-0.03,-0.4261,79478.54,55810.602
50,002500.SZ,20200422,6.98,7.05,6.97,7.04,7.03,0.01,0.1422,90946.77,63817.78
51,002500.SZ,20200421,7.07,7.09,6.98,7.03,7.1,-0.07,-0.9859,116472.69,81793.493
52,002500.SZ,20200420,7.11,7.11,7.05,7.1,7.07,0.03,0.4243,91346.44,64765.661
53,002500.SZ,20200417,7.13,7.16,7.05,7.07,7.06,0.01,0.1416,126858.8,90213.914
54,002500.SZ,20200416,7.02,7.14,7.01,7.06,7.06,0.0,0.0,125553.45,88994.666
55,002500.SZ,20200415,7.16,7.18,7.04,7.06,7.16,-0.1,-1.3966,131699.09,93693.608
56,002500.SZ,20200414,7.07,7.2,7.05,7.16,7.03,0.13,1.8492,146928.14,104673.368
57,002500.SZ,20200413,7.06,7.06,7.0,7.03,7.08,-0.05,-0.7062,78001.0,54846.056
58,002500.SZ,20200410,7.23,7.24,7.05,7.08,7.21,-0.13,-1.8031,116465.0,83035.633
59,002500.SZ,20200409,7.21,7.3,7.18,7.21,7.15,0.06,0.8392,195584.5,141755.441
60,002500.SZ,20200408,7.15,7.2,7.1,7.15,7.2,-0.05,-0.6944,132843.85,94879.072
61,002500.SZ,20200407,7.11,7.24,7.08,7.2,7.01,0.19,2.7104,229205.28,163966.073
62,002500.SZ,20200403,7.11,7.13,6.96,7.01,7.13,-0.12,-1.683,130671.01,91751.339
63,002500.SZ,20200402,6.97,7.13,6.97,7.13,7.01,0.12,1.7118,157866.52,111313.072
64,002500.SZ,20200401,7.02,7.11,6.98,7.01,7.02,-0.01,-0.1425,112385.0,79193.663
65,002500.SZ,20200331,7.12,7.14,6.99,7.02,7.03,-0.01,-0.1422,106693.8,75245.286
66,002500.SZ,20200330,7.09,7.11,6.96,7.03,7.19,-0.16,-2.2253,172973.55,121389.542
67,002500.SZ,20200327,7.23,7.35,7.17,7.19,7.17,0.02,0.2789,159629.24,115527.829
68,002500.SZ,20200326,7.3,7.3,7.15,7.17,7.34,-0.17,-2.3161,195690.12,141049.127
69,002500.SZ,20200325,7.4,7.44,7.27,7.34,7.27,0.07,0.9629,242288.29,178122.296
70,002500.SZ,20200324,7.3,7.36,7.14,7.27,7.19,0.08,1.1127,216825.35,157458.072
71,002500.SZ,20200323,7.29,7.41,7.17,7.19,7.49,-0.3,-4.0053,176132.39,128318.374
72,002500.SZ,20200320,7.55,7.57,7.36,7.49,7.45,0.04,0.5369,161367.41,120300.655
73,002500.SZ,20200319,7.35,7.55,7.27,7.45,7.35,0.1,1.3605,277239.57,205348.151
74,002500.SZ,20200318,7.71,7.78,7.35,7.35,7.68,-0.33,-4.2969,279304.94,212509.296
75,002500.SZ,20200317,7.8,7.86,7.52,7.68,7.63,0.05,0.6553,300847.95,231097.583
76,002500.SZ,20200316,8.15,8.15,7.6,7.63,8.01,-0.38,-4.7441,356799.87,282842.441
77,002500.SZ,20200313,7.7,8.09,7.57,8.01,8.08,-0.07,-0.8663,365619.19,287317.407
78,002500.SZ,20200312,8.12,8.25,8.01,8.08,8.19,-0.11,-1.3431,287488.52,233154.858
79,002500.SZ,20200311,8.4,8.46,8.19,8.19,8.42,-0.23,-2.7316,299222.82,249241.957
80,002500.SZ,20200310,8.15,8.45,8.08,8.42,8.17,0.25,3.06,454752.51,377215.268
81,002500.SZ,20200309,8.28,8.44,8.08,8.17,8.37,-0.2,-2.3895,428816.14,354442.882
82,002500.SZ,20200306,8.52,8.57,8.36,8.37,8.61,-0.24,-2.7875,383134.86,323367.288
83,002500.SZ,20200305,8.63,8.8,8.42,8.61,8.5,0.11,1.2941,819157.95,707170.818
84,002500.SZ,20200304,8.25,8.5,8.21,8.5,8.27,0.23,2.7811,464260.91,389306.337
85,002500.SZ,20200303,8.39,8.53,8.21,8.27,8.27,0.0,0.0,426812.97,357484.8
86,002500.SZ,20200302,7.96,8.34,7.94,8.27,7.86,0.41,5.2163,439687.74,358906.133
87,002500.SZ,20200228,8.02,8.25,7.82,7.86,8.34,-0.48,-5.7554,457302.24,366892.059
88,002500.SZ,20200227,8.38,8.53,8.28,8.34,8.3,0.04,0.4819,349558.15,292956.883
89,002500.SZ,20200226,8.4,8.67,8.25,8.3,8.51,-0.21,-2.4677,625028.05,529380.494
90,002500.SZ,20200225,8.21,8.57,8.1,8.51,8.39,0.12,1.4303,746959.7,625500.103
91,002500.SZ,20200224,8.28,8.53,8.23,8.39,8.39,0.0,0.0,508580.89,426509.15
92,002500.SZ,20200221,8.29,8.71,8.25,8.39,8.31,0.08,0.9627,831195.98,701991.165
93,002500.SZ,20200220,7.91,8.38,7.86,8.31,7.9,0.41,5.1899,671859.09,546980.045
94,002500.SZ,20200219,7.78,8.06,7.76,7.9,7.78,0.12,1.5424,480502.32,382252.103
95,002500.SZ,20200218,7.8,7.9,7.74,7.78,7.82,-0.04,-0.5115,335659.32,261973.626
96,002500.SZ,20200217,7.52,7.85,7.49,7.82,7.39,0.43,5.8187,476374.65,365584.257
97,002500.SZ,20200214,7.3,7.5,7.28,7.39,7.31,0.08,1.0944,238777.19,176745.171
98,002500.SZ,20200213,7.43,7.47,7.3,7.31,7.44,-0.13,-1.7473,177912.0,130950.867
99,002500.SZ,20200212,7.33,7.48,7.28,7.44,7.32,0.12,1.6393,223068.1,164894.146
100,002500.SZ,20200211,7.39,7.46,7.3,7.32,7.33,-0.01,-0.1364,211346.23,155736.484
101,002500.SZ,20200210,7.2,7.36,7.18,7.33,7.26,0.07,0.9642,220497.43,160795.003
102,002500.SZ,20200207,7.2,7.29,7.17,7.26,7.24,0.02,0.2762,248021.34,179157.891
103,002500.SZ,20200206,7.12,7.3,7.06,7.24,7.12,0.12,1.6854,307973.14,221447.293
104,002500.SZ,20200205,7.06,7.32,7.04,7.12,7.05,0.07,0.9929,256426.63,183778.849
105,002500.SZ,20200204,6.42,7.38,6.42,7.05,7.13,-0.08,-1.122,376340.71,264654.092
106,002500.SZ,20200203,7.13,7.13,7.13,7.13,7.92,-0.79,-9.9747,60839.0,43378.207
107,002500.SZ,20200123,8.2,8.24,7.83,7.92,8.23,-0.31,-3.7667,266446.14,214736.584
108,002500.SZ,20200122,8.14,8.29,8.03,8.23,8.16,0.07,0.8578,205589.33,167874.75
109,002500.SZ,20200121,8.24,8.3,8.14,8.16,8.28,-0.12,-1.4493,197164.08,161753.517
110,002500.SZ,20200120,8.19,8.28,8.13,8.28,8.15,0.13,1.5951,179077.95,147446.853
111,002500.SZ,20200117,8.18,8.29,8.14,8.15,8.14,0.01,0.1229,170407.21,139905.108
112,002500.SZ,20200116,8.2,8.23,8.11,8.14,8.18,-0.04,-0.489,145048.14,118504.15
113,002500.SZ,20200115,8.23,8.28,8.17,8.18,8.25,-0.07,-0.8485,149991.84,123234.638
114,002500.SZ,20200114,8.38,8.39,8.25,8.25,8.37,-0.12,-1.4337,209640.99,174377.473
115,002500.SZ,20200113,8.21,8.38,8.12,8.37,8.27,0.1,1.2092,269446.04,221696.587
116,002500.SZ,20200110,8.49,8.5,8.21,8.27,8.43,-0.16,-1.898,364770.67,303914.632
117,002500.SZ,20200109,8.48,8.56,8.31,8.43,8.4,0.03,0.3571,517511.67,436859.429
118,002500.SZ,20200108,8.29,8.66,8.25,8.4,8.34,0.06,0.7194,771912.05,654434.224
119,002500.SZ,20200107,8.3,8.39,8.22,8.34,8.29,0.05,0.6031,274235.6,227741.935
120,002500.SZ,20200106,8.2,8.41,8.2,8.29,8.3,-0.01,-0.1205,315100.12,261673.792
121,002500.SZ,20200103,8.31,8.41,8.26,8.3,8.31,-0.01,-0.1203,228468.45,190163.9
122,002500.SZ,20200102,8.4,8.5,8.3,8.31,8.29,0.02,0.2413,435421.3,365499.937
123,002500.SZ,20191231,8.26,8.36,8.22,8.29,8.3,-0.01,-0.1205,323551.38,268011.728
124,002500.SZ,20191230,7.97,8.36,7.92,8.3,8.02,0.28,3.4913,552740.43,453960.796
125,002500.SZ,20191227,8.18,8.3,8.02,8.02,8.2,-0.18,-2.1951,360521.31,294626.069
126,002500.SZ,20191226,8.02,8.21,7.98,8.2,8.02,0.18,2.2444,313790.51,254333.271
127,002500.SZ,20191225,7.96,8.1,7.9,8.02,8.0,0.02,0.25,228319.09,182415.886
128,002500.SZ,20191224,7.99,8.04,7.85,8.0,7.93,0.07,0.8827,219702.76,174363.939
129,002500.SZ,20191223,8.2,8.39,7.9,7.93,8.19,-0.26,-3.1746,460315.11,375851.242
130,002500.SZ,20191220,8.14,8.47,8.1,8.19,8.09,0.1,1.2361,517090.49,426823.748
131,002500.SZ,20191219,8.15,8.18,8.04,8.09,8.11,-0.02,-0.2466,200776.78,162568.194
132,002500.SZ,20191218,8.05,8.23,8.03,8.11,8.1,0.01,0.1235,388648.73,316680.926
133,002500.SZ,20191217,7.84,8.37,7.79,8.1,7.84,0.26,3.3163,572279.12,463596.305
134,002500.SZ,20191216,7.75,7.88,7.67,7.84,7.76,0.08,1.0309,312371.87,242808.995
135,002500.SZ,20191213,7.59,7.87,7.56,7.76,7.52,0.24,3.1915,338791.13,261163.186
136,002500.SZ,20191212,7.56,7.58,7.51,7.52,7.58,-0.06,-0.7916,66365.37,50037.52
137,002500.SZ,20191211,7.56,7.64,7.5,7.58,7.54,0.04,0.5305,97193.97,73594.538
138,002500.SZ,20191210,7.55,7.57,7.49,7.54,7.56,-0.02,-0.2646,65293.22,49178.6
139,002500.SZ,20191209,7.63,7.63,7.54,7.56,7.6,-0.04,-0.5263,67411.92,51088.877
140,002500.SZ,20191206,7.62,7.63,7.54,7.6,7.6,0.0,0.0,81033.97,61428.935
141,002500.SZ,20191205,7.56,7.63,7.54,7.6,7.54,0.06,0.7958,101672.21,77189.345
142,002500.SZ,20191204,7.48,7.55,7.47,7.54,7.53,0.01,0.1328,48388.92,36380.97
143,002500.SZ,20191203,7.44,7.53,7.42,7.53,7.48,0.05,0.6684,77994.4,58293.216
144,002500.SZ,20191202,7.51,7.56,7.46,7.48,7.44,0.04,0.5376,91055.58,68355.567
145,002500.SZ,20191129,7.39,7.46,7.36,7.44,7.39,0.05,0.6766,74631.82,55372.782
146,002500.SZ,20191128,7.41,7.44,7.37,7.39,7.41,-0.02,-0.2699,41591.68,30768.49
147,002500.SZ,20191127,7.44,7.47,7.38,7.41,7.44,-0.03,-0.4032,61168.23,45409.862
148,002500.SZ,20191126,7.46,7.47,7.4,7.44,7.44,0.0,0.0,90270.12,67088.606
149,002500.SZ,20191125,7.38,7.45,7.33,7.44,7.36,0.08,1.087,81787.93,60528.508
150,002500.SZ,20191122,7.4,7.48,7.36,7.36,7.38,-0.02,-0.271,105463.39,78165.153
151,002500.SZ,20191121,7.35,7.4,7.32,7.38,7.36,0.02,0.2717,52350.65,38544.992
152,002500.SZ,20191120,7.46,7.47,7.35,7.36,7.46,-0.1,-1.3405,72136.0,53434.76
153,002500.SZ,20191119,7.4,7.48,7.38,7.46,7.41,0.05,0.6748,78676.27,58487.836
154,002500.SZ,20191118,7.31,7.45,7.27,7.41,7.31,0.1,1.368,88414.88,65399.386
155,002500.SZ,20191115,7.4,7.44,7.31,7.31,7.41,-0.1,-1.3495,83322.41,61443.911
156,002500.SZ,20191114,7.38,7.45,7.36,7.41,7.38,0.03,0.4065,79675.13,58972.321
157,002500.SZ,20191113,7.45,7.46,7.35,7.38,7.46,-0.08,-1.0724,84822.13,62842.975
158,002500.SZ,20191112,7.42,7.49,7.4,7.46,7.44,0.02,0.2688,99208.13,73927.474
159,002500.SZ,20191111,7.71,7.72,7.39,7.44,7.72,-0.28,-3.6269,198470.65,149502.098
160,002500.SZ,20191108,7.79,7.83,7.71,7.72,7.75,-0.03,-0.3871,102172.08,79300.862
161,002500.SZ,20191107,7.78,7.82,7.71,7.75,7.77,-0.02,-0.2574,134850.02,104519.088
162,002500.SZ,20191106,7.9,7.93,7.72,7.77,7.91,-0.14,-1.7699,144312.05,112812.902
163,002500.SZ,20191105,7.86,7.99,7.81,7.91,7.81,0.1,1.2804,184871.29,146489.5
164,002500.SZ,20191104,7.87,7.93,7.8,7.81,7.86,-0.05,-0.6361,106721.0,83993.728
165,002500.SZ,20191101,7.78,7.89,7.74,7.86,7.79,0.07,0.8986,115360.7,90330.949
166,002500.SZ,20191031,7.85,7.89,7.76,7.79,7.83,-0.04,-0.5109,105468.46,82364.187
167,002500.SZ,20191030,8.0,8.01,7.8,7.83,8.0,-0.17,-2.125,138817.75,109308.134
168,002500.SZ,20191029,8.08,8.08,7.98,8.0,8.09,-0.09,-1.1125,135315.53,108538.68
169,002500.SZ,20191028,7.96,8.12,7.95,8.09,7.96,0.13,1.6332,197229.8,158546.984
170,002500.SZ,20191025,7.84,8.0,7.8,7.96,7.84,0.12,1.5306,166582.89,132033.234
171,002500.SZ,20191024,7.78,7.86,7.72,7.84,7.76,0.08,1.0309,110640.47,86373.247
172,002500.SZ,20191023,7.82,7.84,7.73,7.76,7.81,-0.05,-0.6402,91009.83,70792.412
173,002500.SZ,20191022,7.81,7.82,7.73,7.81,7.78,0.03,0.3856,85114.12,66189.729
174,002500.SZ,20191021,7.82,7.82,7.71,7.78,7.82,-0.04,-0.5115,101415.65,78718.878
175,002500.SZ,20191018,8.0,8.05,7.82,7.82,7.99,-0.17,-2.1277,129799.25,102844.882
176,002500.SZ,20191017,8.05,8.07,7.96,7.99,8.03,-0.04,-0.4981,93351.56,74734.247
177,002500.SZ,20191016,8.14,8.2,8.02,8.03,8.13,-0.1,-1.23,155323.17,125883.752
178,002500.SZ,20191015,8.1,8.14,7.98,8.13,8.1,0.03,0.3704,168729.87,136307.935
179,002500.SZ,20191014,8.06,8.24,8.01,8.1,7.96,0.14,1.7588,256770.19,208714.035
180,002500.SZ,20191011,7.92,8.03,7.8,7.96,7.88,0.08,1.0152,171233.88,135877.706
181,002500.SZ,20191010,7.92,7.92,7.83,7.88,7.84,0.04,0.5102,97945.43,77130.749
182,002500.SZ,20191009,7.8,7.9,7.73,7.84,7.8,0.04,0.5128,100300.11,78346.981
183,002500.SZ,20191008,7.88,7.91,7.78,7.8,7.85,-0.05,-0.6369,117278.56,91958.822
184,002500.SZ,20190930,8.08,8.12,7.8,7.85,8.08,-0.23,-2.8465,143919.2,114562.676
185,002500.SZ,20190927,8.05,8.14,8.04,8.08,8.03,0.05,0.6227,113823.01,91961.526
186,002500.SZ,20190926,8.19,8.23,8.01,8.03,8.1,-0.07,-0.8642,201377.45,163722.893
187,002500.SZ,20190925,8.1,8.26,8.08,8.1,8.13,-0.03,-0.369,162361.31,132467.573
188,002500.SZ,20190924,8.16,8.27,8.12,8.13,8.16,-0.03,-0.3676,164742.07,134886.129
189,002500.SZ,20190923,8.2,8.23,8.1,8.16,8.27,-0.11,-1.3301,191559.45,156113.554
190,002500.SZ,20190920,8.35,8.37,8.17,8.27,8.35,-0.08,-0.9581,221353.08,182873.868
191,002500.SZ,20190919,8.44,8.48,8.22,8.35,8.37,-0.02,-0.2389,260914.96,217586.167
192,002500.SZ,20190918,8.26,8.53,8.24,8.37,8.26,0.11,1.3317,394564.98,331226.244
193,002500.SZ,20190917,8.39,8.58,8.24,8.26,8.39,-0.13,-1.5495,460522.44,387737.612
194,002500.SZ,20190916,8.39,8.54,8.33,8.39,8.34,0.05,0.5995,393076.19,331827.468
195,002500.SZ,20190912,8.28,8.37,8.23,8.34,8.26,0.08,0.9685,230121.79,191218.902
196,002500.SZ,20190911,8.35,8.39,8.23,8.26,8.25,0.01,0.1212,335626.46,279122.034
197,002500.SZ,20190910,8.21,8.3,8.08,8.25,8.21,0.04,0.4872,299608.73,245353.341
198,002500.SZ,20190909,8.3,8.3,8.17,8.21,8.12,0.09,1.1084,268877.2,220967.53
199,002500.SZ,20190906,8.13,8.19,8.06,8.12,8.09,0.03,0.3708,225818.04,182910.816
200,002500.SZ,20190905,7.98,8.36,7.98,8.09,7.91,0.18,2.2756,580164.94,474303.481
201,002500.SZ,20190904,7.81,7.96,7.79,7.91,7.83,0.08,1.0217,255322.85,201216.548
202,002500.SZ,20190903,7.76,7.83,7.7,7.83,7.72,0.11,1.4249,189274.68,147117.658
203,002500.SZ,20190902,7.61,7.79,7.6,7.72,7.59,0.13,1.7128,179877.65,138952.809
204,002500.SZ,20190830,7.73,7.79,7.55,7.59,7.66,-0.07,-0.9138,138482.62,106123.221
205,002500.SZ,20190829,7.74,7.75,7.64,7.66,7.69,-0.03,-0.3901,115262.23,88532.035
206,002500.SZ,20190828,7.79,7.79,7.68,7.69,7.8,-0.11,-1.4103,126109.79,97331.265
207,002500.SZ,20190827,7.7,7.93,7.7,7.8,7.69,0.11,1.4304,222935.95,174539.924
208,002500.SZ,20190826,7.69,7.77,7.64,7.69,7.83,-0.14,-1.788,147921.29,114024.322
209,002500.SZ,20190823,7.88,7.94,7.81,7.83,7.86,-0.03,-0.3817,132459.49,104208.952
210,002500.SZ,20190822,7.92,7.95,7.8,7.86,7.91,-0.05,-0.6321,139847.8,109758.246
211,002500.SZ,20190821,7.93,7.99,7.9,7.91,7.94,-0.03,-0.3778,157920.63,125292.682
212,002500.SZ,20190820,8.04,8.08,7.91,7.94,8.01,-0.07,-0.8739,306961.5,245722.202
213,002500.SZ,20190819,7.74,8.04,7.66,8.01,7.62,0.39,5.1181,382602.83,301887.681
214,002500.SZ,20190816,7.59,7.73,7.51,7.62,7.6,0.02,0.2632,155325.76,118756.609
215,002500.SZ,20190815,7.41,7.65,7.39,7.6,7.65,-0.05,-0.6536,149684.84,112667.995
216,002500.SZ,20190814,7.78,7.82,7.64,7.65,7.66,-0.01,-0.1305,124714.58,96140.158
217,002500.SZ,20190813,7.65,7.71,7.62,7.66,7.72,-0.06,-0.7772,103685.55,79426.938
218,002500.SZ,20190812,7.59,7.72,7.59,7.72,7.54,0.18,2.3873,151769.33,116276.13
219,002500.SZ,20190809,7.73,7.76,7.51,7.54,7.68,-0.14,-1.8229,152913.49,116430.998
220,002500.SZ,20190808,7.83,7.89,7.65,7.68,7.61,0.07,0.9198,175745.88,136337.081
221,002500.SZ,20190807,7.79,7.82,7.59,7.61,7.82,-0.21,-2.6854,184789.51,142322.337
222,002500.SZ,20190806,7.66,7.97,7.51,7.82,7.81,0.01,0.128,315242.3,243400.651
223,002500.SZ,20190805,7.95,8.05,7.81,7.81,7.98,-0.17,-2.1303,201932.57,159890.357
224,002500.SZ,20190802,7.99,8.07,7.91,7.98,8.2,-0.22,-2.6829,231885.02,185283.422
225,002500.SZ,20190801,8.28,8.34,8.14,8.2,8.37,-0.17,-2.0311,260716.38,214287.181
226,002500.SZ,20190731,8.25,8.44,8.25,8.37,8.23,0.14,1.7011,403182.89,336880.123
227,002500.SZ,20190730,8.18,8.36,8.17,8.23,8.16,0.07,0.8578,282740.59,233578.883
228,002500.SZ,20190729,8.26,8.27,8.12,8.16,8.23,-0.07,-0.8505,162040.79,132445.915
229,002500.SZ,20190726,8.28,8.29,8.17,8.23,8.31,-0.08,-0.9627,195328.86,160844.72
230,002500.SZ,20190725,8.34,8.34,8.23,8.31,8.33,-0.02,-0.2401,243024.73,201201.193
231,002500.SZ,20190724,8.42,8.49,8.31,8.33,8.39,-0.06,-0.7151,321864.48,270208.988
232,002500.SZ,20190723,8.47,8.54,8.34,8.39,8.37,0.02,0.2389,240773.17,202683.443
233,002500.SZ,20190722,8.75,8.78,8.33,8.37,8.64,-0.27,-3.125,312344.75,264536.866
234,002500.SZ,20190719,8.78,8.86,8.55,8.64,8.61,0.03,0.3484,380538.86,330630.841
235,002500.SZ,20190718,8.61,8.75,8.56,8.61,8.66,-0.05,-0.5774,367442.43,318174.809
236,002500.SZ,20190717,8.64,8.83,8.64,8.66,8.63,0.03,0.3476,445490.68,388384.337
237,002500.SZ,20190716,8.51,8.67,8.46,8.63,8.57,0.06,0.7001,460005.56,394965.161
238,002500.SZ,20190715,8.12,8.77,8.1,8.57,8.2,0.37,4.5122,724374.19,610916.935
239,002500.SZ,20190712,8.0,8.3,7.97,8.2,7.9,0.3,3.7975,457116.72,374415.2
240,002500.SZ,20190711,7.98,8.05,7.9,7.95,7.92,0.03,0.3788,123379.86,98372.131
241,002500.SZ,20190710,7.94,8.0,7.88,7.92,7.93,-0.01,-0.1261,104580.34,83071.734
242,002500.SZ,20190709,7.92,7.98,7.8,7.93,7.91,0.02,0.2528,127301.37,100643.106
243,002500.SZ,20190708,8.18,8.21,7.88,7.91,8.17,-0.26,-3.1824,205285.6,164572.199
244,002500.SZ,20190705,8.18,8.2,8.07,8.17,8.18,-0.01,-0.1222,103192.0,84042.628
245,002500.SZ,20190704,8.15,8.26,8.12,8.18,8.15,0.03,0.3681,145035.08,118712.546
246,002500.SZ,20190703,8.28,8.29,8.13,8.15,8.27,-0.12,-1.451,153388.42,125390.99
247,002500.SZ,20190702,8.3,8.33,8.21,8.27,8.28,-0.01,-0.1208,182804.0,151165.978
248,002500.SZ,20190701,8.29,8.36,8.23,8.28,8.1,0.18,2.2222,284379.93,235554.117
249,002500.SZ,20190628,8.2,8.2,8.04,8.1,8.2,-0.1,-1.2195,167250.31,135533.464
250,002500.SZ,20190627,8.16,8.34,8.12,8.2,8.12,0.08,0.9852,247574.07,203760.048
251,002500.SZ,20190626,8.15,8.19,8.07,8.12,8.28,-0.16,-1.9324,173798.97,141305.732
252,002500.SZ,20190625,8.29,8.35,8.11,8.28,8.29,-0.01,-0.1206,259402.88,213504.069
253,002500.SZ,20190624,8.42,8.46,8.23,8.29,8.35,-0.06,-0.7186,252703.38,210733.111
254,002500.SZ,20190621,8.35,8.54,8.32,8.35,8.38,-0.03,-0.358,396639.45,333977.741
255,002500.SZ,20190620,7.96,8.59,7.94,8.38,8.0,0.38,4.75,599540.94,498165.746
256,002500.SZ,20190619,8.2,8.35,7.98,8.0,7.84,0.16,2.0408,308466.83,251090.781
257,002500.SZ,20190618,7.88,7.94,7.79,7.84,7.87,-0.03,-0.3812,114149.02,89632.246
258,002500.SZ,20190617,7.92,7.97,7.85,7.87,7.89,-0.02,-0.2535,121417.07,95962.657
259,002500.SZ,20190614,8.15,8.17,7.88,7.89,8.09,-0.2,-2.4722,173725.31,139333.302
260,002500.SZ,20190613,8.05,8.16,8.03,8.09,8.06,0.03,0.3722,170990.21,138642.071
261,002500.SZ,20190612,8.1,8.19,8.03,8.06,8.13,-0.07,-0.861,212922.44,172474.091
262,002500.SZ,20190611,7.79,8.18,7.75,8.13,7.74,0.39,5.0388,339186.52,271724.73
263,002500.SZ,20190610,7.93,7.93,7.5,7.74,7.89,-0.15,-1.9011,214980.26,165914.657
264,002500.SZ,20190606,8.0,8.07,7.88,7.89,7.97,-0.08,-1.0038,182698.54,145874.576
265,002500.SZ,20190605,8.03,8.09,7.97,7.97,7.95,0.02,0.2516,155218.98,124571.166
266,002500.SZ,20190604,7.99,8.03,7.9,7.95,7.99,-0.04,-0.5006,130476.06,103880.201
267,002500.SZ,20190603,8.07,8.18,7.95,7.99,8.0,-0.01,-0.125,180740.62,145649.556
268,002500.SZ,20190531,8.07,8.13,8.0,8.0,8.07,-0.07,-0.8674,126361.58,101854.848
269,002500.SZ,20190530,8.08,8.12,7.98,8.07,8.11,-0.04,-0.4932,158465.44,127613.624
270,002500.SZ,20190529,8.08,8.21,8.05,8.11,8.13,-0.02,-0.246,192002.15,156036.874
271,002500.SZ,20190528,8.16,8.22,8.05,8.13,8.15,-0.02,-0.2454,236180.89,191999.381
272,002500.SZ,20190527,7.85,8.18,7.83,8.15,7.81,0.34,4.3534,313976.32,252801.955
273,002500.SZ,20190524,7.85,7.95,7.8,7.81,7.83,-0.02,-0.2554,152883.41,120333.505
274,002500.SZ,20190523,7.89,8.03,7.81,7.83,7.87,-0.04,-0.5083,197513.01,156270.173
275,002500.SZ,20190522,8.02,8.05,7.8,7.87,7.95,-0.08,-1.0063,172680.09,136876.626
276,002500.SZ,20190521,7.85,8.05,7.82,7.95,7.85,0.1,1.2739,198004.85,157267.637
277,002500.SZ,20190520,7.76,7.96,7.68,7.85,7.77,0.08,1.0296,230634.0,180660.42
278,002500.SZ,20190517,8.15,8.15,7.65,7.77,8.12,-0.35,-4.3103,304459.63,240332.232
279,002500.SZ,20190516,8.17,8.18,8.06,8.12,8.17,-0.05,-0.612,209286.73,169962.599
280,002500.SZ,20190515,8.24,8.24,8.07,8.17,8.1,0.07,0.8642,276403.67,225483.091
281,002500.SZ,20190514,8.08,8.33,8.04,8.1,8.24,-0.14,-1.699,301564.25,246655.493
282,002500.SZ,20190513,8.08,8.42,8.03,8.24,8.16,0.08,0.9804,413337.67,343033.787
283,002500.SZ,20190510,8.0,8.31,7.81,8.16,7.86,0.3,3.8168,393463.77,319121.575
284,002500.SZ,20190509,7.75,8.02,7.7,7.86,7.81,0.05,0.6402,329221.5,260223.934
285,002500.SZ,20190508,7.69,7.97,7.58,7.81,7.92,-0.11,-1.3889,226354.08,177529.403
286,002500.SZ,20190507,7.82,7.96,7.62,7.92,7.82,0.1,1.2788,380879.86,298615.992
287,002500.SZ,20190506,8.2,8.4,7.82,7.82,8.69,-0.87,-10.0115,488453.67,393975.67
288,002500.SZ,20190430,8.61,8.78,8.57,8.69,8.6,0.09,1.0465,294159.11,255583.536
289,002500.SZ,20190429,9.05,9.14,8.44,8.6,9.03,-0.43,-4.7619,490207.43,426852.975
290,002500.SZ,20190426,9.0,9.26,8.96,9.03,9.05,-0.02,-0.221,417121.05,379600.509
291,002500.SZ,20190425,9.48,9.6,9.03,9.05,9.53,-0.48,-5.0367,435609.06,408201.305
292,002500.SZ,20190424,9.44,9.62,9.39,9.53,9.44,0.09,0.9534,356271.52,338579.62
293,002500.SZ,20190423,9.43,9.74,9.24,9.44,9.55,-0.11,-1.1518,538621.85,510468.46
294,002500.SZ,20190422,9.82,9.82,9.49,9.55,9.66,-0.11,-1.1387,383815.99,369138.479
295,002500.SZ,20190419,9.61,9.69,9.52,9.66,9.51,0.15,1.5773,329380.01,316449.532
296,002500.SZ,20190418,9.61,9.65,9.47,9.51,9.59,-0.08,-0.8342,249039.5,238068.216
297,002500.SZ,20190417,9.63,9.73,9.56,9.59,9.7,-0.11,-1.134,337061.0,324298.985
298,002500.SZ,20190416,9.28,9.7,9.2,9.7,9.35,0.35,3.7433,597360.85,569212.191
299,002500.SZ,20190415,9.72,9.79,9.33,9.35,9.55,-0.2,-2.0942,489759.81,469603.625
300,002500.SZ,20190412,9.48,9.7,9.48,9.55,9.51,0.04,0.4206,394387.49,378247.245
301,002500.SZ,20190411,9.7,9.74,9.48,9.51,9.75,-0.24,-2.4615,469342.3,450212.277
302,002500.SZ,20190410,9.75,9.94,9.51,9.75,9.89,-0.14,-1.4156,660732.84,640834.919
303,002500.SZ,20190409,9.81,10.04,9.63,9.89,9.77,0.12,1.2282,704335.46,694795.097
304,002500.SZ,20190408,10.1,10.18,9.63,9.77,10.05,-0.28,-2.7861,836907.76,826390.913
305,002500.SZ,20190404,10.31,10.31,10.0,10.05,10.31,-0.26,-2.5218,1035811.81,1048252.895
306,002500.SZ,20190403,9.67,10.46,9.61,10.31,9.8,0.51,5.2041,1527642.79,1531780.326
307,002500.SZ,20190402,9.72,10.25,9.72,9.8,9.86,-0.06,-0.6085,1429134.79,1422115.724
308,002500.SZ,20190401,9.65,10.08,9.43,9.86,9.59,0.27,2.8154,2278782.36,2212222.812
309,002500.SZ,20190329,8.83,9.59,8.8,9.59,8.72,0.87,9.9771,2181451.45,2048954.975
310,002500.SZ,20190328,8.48,9.15,8.46,8.72,8.45,0.27,3.1953,848255.73,747918.147
311,002500.SZ,20190327,8.55,8.59,8.34,8.45,8.4,0.05,0.5952,360238.34,305214.598
312,002500.SZ,20190326,8.75,8.83,8.34,8.4,8.72,-0.32,-3.6697,466556.51,400448.89
313,002500.SZ,20190325,8.7,9.04,8.62,8.72,8.93,-0.21,-2.3516,514523.75,454180.883
314,002500.SZ,20190322,9.05,9.12,8.73,8.93,9.15,-0.22,-2.4044,619928.81,554090.36
315,002500.SZ,20190321,8.91,9.44,8.85,9.15,9.08,0.07,0.7709,1146591.28,1049438.796
316,002500.SZ,20190320,8.76,9.45,8.7,9.08,8.73,0.35,4.0092,1230892.98,1125439.54
317,002500.SZ,20190319,8.61,8.74,8.53,8.73,8.6,0.13,1.5116,467093.2,404378.373
318,002500.SZ,20190318,8.44,8.6,8.26,8.6,8.42,0.18,2.1378,442647.22,375097.874
319,002500.SZ,20190315,8.52,8.63,8.33,8.42,8.4,0.02,0.2381,333010.5,282542.592
320,002500.SZ,20190314,8.6,8.76,8.26,8.4,8.75,-0.35,-4.0,482599.04,410309.202
321,002500.SZ,20190313,8.73,8.9,8.45,8.75,8.68,0.07,0.8065,720680.11,625717.694
322,002500.SZ,20190312,8.54,8.92,8.51,8.68,8.51,0.17,1.9976,644891.9,561103.123
323,002500.SZ,20190311,8.29,8.6,8.02,8.51,8.29,0.22,2.6538,534549.75,448178.987
324,002500.SZ,20190308,8.74,8.94,8.29,8.29,9.21,-0.92,-9.9891,976249.68,841514.378
325,002500.SZ,20190307,8.95,9.65,8.75,9.21,8.98,0.23,2.5612,1378861.81,1257413.336
326,002500.SZ,20190306,8.54,9.09,8.5,8.98,8.53,0.45,5.2755,1073117.5,940070.293
327,002500.SZ,20190305,8.39,8.56,8.32,8.53,8.44,0.09,1.0664,513058.32,433147.413
328,002500.SZ,20190304,8.49,8.93,8.28,8.44,8.39,0.05,0.5959,961173.14,821233.12
329,002500.SZ,20190301,8.28,8.53,8.13,8.39,8.16,0.23,2.8186,610410.86,509336.442
330,002500.SZ,20190228,8.42,8.42,8.01,8.16,8.44,-0.28,-3.3175,557384.35,456438.178
331,002500.SZ,20190227,8.43,8.75,8.21,8.44,8.37,0.07,0.8363,842920.97,713548.682
332,002500.SZ,20190226,8.69,9.08,8.35,8.37,8.57,-0.2,-2.3337,1425089.66,1240213.976
333,002500.SZ,20190225,8.1,8.57,7.92,8.57,7.79,0.78,10.0128,1382561.86,1145632.609
334,002500.SZ,20190222,7.17,7.8,7.05,7.79,7.1,0.69,9.7183,1094129.91,813441.457
335,002500.SZ,20190221,7.02,7.36,7.01,7.1,7.09,0.01,0.141,771479.83,552791.207
336,002500.SZ,20190220,6.93,7.2,6.9,7.09,6.9,0.19,2.7536,626363.92,441457.53
337,002500.SZ,20190219,6.86,7.13,6.83,6.9,6.87,0.03,0.4367,619312.32,430844.003
338,002500.SZ,20190218,6.59,6.94,6.56,6.87,6.52,0.35,5.3681,479228.58,324263.475
339,002500.SZ,20190215,6.56,6.66,6.5,6.52,6.57,-0.05,-0.761,235611.91,155202.852
340,002500.SZ,20190214,6.58,6.66,6.52,6.57,6.58,-0.01,-0.152,266552.06,175470.352
341,002500.SZ,20190213,6.34,6.65,6.31,6.58,6.34,0.24,3.7855,397032.89,258861.576
342,002500.SZ,20190212,6.34,6.4,6.29,6.34,6.31,0.03,0.4754,167407.68,106197.155
343,002500.SZ,20190211,6.23,6.32,6.2,6.31,6.18,0.13,2.1036,126172.21,79142.785
344,002500.SZ,20190201,6.12,6.21,6.12,6.18,6.03,0.15,2.4876,155330.08,95872.184
345,002500.SZ,20190131,6.08,6.15,5.95,6.03,6.05,-0.02,-0.3306,164310.67,99608.099
346,002500.SZ,20190130,6.08,6.15,6.02,6.05,6.11,-0.06,-0.982,78493.64,47890.649
347,002500.SZ,20190129,6.2,6.2,5.95,6.11,6.23,-0.12,-1.9262,170923.04,104109.816
348,002500.SZ,20190128,6.35,6.4,6.22,6.23,6.27,-0.04,-0.638,161625.33,102113.5
349,002500.SZ,20190125,6.35,6.41,6.26,6.27,6.37,-0.1,-1.5699,135131.67,85580.674
350,002500.SZ,20190124,6.34,6.45,6.3,6.37,6.31,0.06,0.9509,238936.3,152215.293
351,002500.SZ,20190123,6.44,6.47,6.27,6.31,6.44,-0.13,-2.0186,183707.36,116459.7
352,002500.SZ,20190122,6.49,6.53,6.39,6.44,6.52,-0.08,-1.227,147735.41,95437.839
353,002500.SZ,20190121,6.52,6.56,6.45,6.52,6.52,0.0,0.0,131784.95,85789.952
354,002500.SZ,20190118,6.48,6.56,6.45,6.52,6.45,0.07,1.0853,148480.3,96629.166
355,002500.SZ,20190117,6.58,6.6,6.43,6.45,6.59,-0.14,-2.1244,187856.4,122213.216
356,002500.SZ,20190116,6.59,6.63,6.52,6.59,6.62,-0.03,-0.4532,166959.64,109688.357
357,002500.SZ,20190115,6.46,6.67,6.45,6.62,6.51,0.11,1.6897,333062.48,220119.189
358,002500.SZ,20190114,6.61,6.65,6.47,6.51,6.59,-0.08,-1.214,182867.89,119433.663
359,002500.SZ,20190111,6.52,6.6,6.45,6.59,6.51,0.08,1.2289,273837.8,178850.097
360,002500.SZ,20190110,6.44,6.68,6.44,6.51,6.47,0.04,0.6182,360221.64,236013.453
361,002500.SZ,20190109,6.53,6.68,6.47,6.47,6.54,-0.07,-1.0703,384551.88,252824.639
362,002500.SZ,20190108,6.49,6.66,6.37,6.54,6.47,0.07,1.0819,424329.04,277529.951
363,002500.SZ,20190107,6.53,6.63,6.47,6.47,6.55,-0.08,-1.2214,416712.59,272497.722
364,002500.SZ,20190104,6.02,6.66,5.99,6.55,6.06,0.49,8.0858,591158.05,377758.804
365,002500.SZ,20190103,5.94,6.24,5.93,6.06,5.94,0.12,2.0202,252805.86,154842.841
366,002500.SZ,20190102,5.94,5.98,5.88,5.94,5.92,0.02,0.3378,110364.29,65519.087
367,002500.SZ,20181228,5.9,6.05,5.86,5.92,5.85,0.07,1.1966,142691.38,85074.229
368,002500.SZ,20181227,6.01,6.06,5.85,5.85,5.92,-0.07,-1.1824,135883.65,81111.596
369,002500.SZ,20181226,5.93,5.97,5.86,5.92,5.93,-0.01,-0.1686,88723.62,52471.953
370,002500.SZ,20181225,6.1,6.1,5.73,5.93,6.16,-0.23,-3.7338,221141.07,130410.649
371,002500.SZ,20181224,6.18,6.25,6.1,6.16,6.18,-0.02,-0.3236,118785.65,73346.261
372,002500.SZ,20181221,6.2,6.26,6.13,6.18,6.25,-0.07,-1.12,141047.89,87339.17
373,002500.SZ,20181220,6.16,6.36,6.1,6.25,6.14,0.11,1.7915,244650.95,152095.433
374,002500.SZ,20181219,6.19,6.21,6.12,6.14,6.14,0.0,0.0,95388.15,58743.396
375,002500.SZ,20181218,6.18,6.24,6.07,6.14,6.22,-0.08,-1.2862,144181.26,88615.863
376,002500.SZ,20181217,6.11,6.26,6.1,6.22,6.14,0.08,1.3029,176598.91,109346.067
377,002500.SZ,20181214,6.29,6.31,6.13,6.14,6.32,-0.18,-2.8481,279941.42,174399.416
378,002500.SZ,20181213,6.27,6.39,6.2,6.32,6.25,0.07,1.12,273630.07,172488.186
379,002500.SZ,20181212,6.27,6.38,6.23,6.25,6.24,0.01,0.1603,178904.54,112697.03
380,002500.SZ,20181211,6.26,6.28,6.19,6.24,6.22,0.02,0.3215,101252.5,63063.978
381,002500.SZ,20181210,6.3,6.32,6.16,6.22,6.33,-0.11,-1.7378,176696.61,110040.451
382,002500.SZ,20181207,6.35,6.42,6.33,6.33,6.34,-0.01,-0.1577,140269.87,89293.582
383,002500.SZ,20181206,6.43,6.47,6.33,6.34,6.49,-0.15,-2.3112,172145.83,109961.355
384,002500.SZ,20181205,6.56,6.6,6.45,6.49,6.68,-0.19,-2.8443,230253.66,150356.64
385,002500.SZ,20181204,6.62,6.7,6.59,6.68,6.63,0.05,0.7541,192409.59,128053.519
386,002500.SZ,20181203,6.73,6.85,6.59,6.63,6.46,0.17,2.6316,356510.49,238545.661
387,002500.SZ,20181130,6.35,6.5,6.26,6.46,6.36,0.1,1.5723,234888.72,149741.008
388,002500.SZ,20181129,6.72,6.78,6.36,6.36,6.7,-0.34,-5.0746,339127.58,223068.344
389,002500.SZ,20181128,6.46,6.71,6.41,6.7,6.48,0.22,3.3951,384396.4,254040.977
390,002500.SZ,20181127,6.53,6.55,6.41,6.48,6.45,0.03,0.4651,193520.53,125467.331
391,002500.SZ,20181126,6.41,6.55,6.36,6.45,6.42,0.03,0.4673,221511.01,143147.044
392,002500.SZ,20181123,6.67,6.77,6.35,6.42,6.67,-0.25,-3.7481,332150.42,216957.248
393,002500.SZ,20181122,6.74,6.78,6.53,6.67,6.72,-0.05,-0.744,314943.9,209524.071
394,002500.SZ,20181121,6.57,6.75,6.51,6.72,6.65,0.07,1.0526,375108.81,249784.095
395,002500.SZ,20181120,6.84,7.02,6.63,6.65,6.91,-0.26,-3.7627,588877.25,400678.002
396,002500.SZ,20181119,6.61,7.0,6.61,6.91,6.67,0.24,3.5982,893239.54,609809.04
397,002500.SZ,20181116,6.53,6.85,6.45,6.67,6.53,0.14,2.144,911904.74,606226.061
398,002500.SZ,20181115,6.12,6.69,6.12,6.53,6.1,0.43,7.0492,883213.35,568482.414
399,002500.SZ,20181114,6.17,6.25,6.08,6.1,6.19,-0.09,-1.454,449374.54,276841.185
400,002500.SZ,20181113,5.95,6.35,5.93,6.19,6.0,0.19,3.1667,621598.35,381246.886
401,002500.SZ,20181112,5.93,6.0,5.87,6.0,5.9,0.1,1.6949,197802.32,117694.25
402,002500.SZ,20181109,5.87,5.98,5.84,5.9,5.9,0.0,0.0,192214.15,113866.288
403,002500.SZ,20181108,5.96,6.04,5.88,5.9,5.9,0.0,0.0,243271.45,144737.599
404,002500.SZ,20181107,6.0,6.04,5.85,5.9,6.02,-0.12,-1.9934,284713.36,169630.062
405,002500.SZ,20181106,6.07,6.18,5.98,6.02,6.1,-0.08,-1.3115,311870.21,188806.547
406,002500.SZ,20181105,6.03,6.1,5.94,6.1,6.05,0.05,0.8264,372937.58,225670.471
407,002500.SZ,20181102,6.04,6.06,5.92,6.05,5.92,0.13,2.1959,421916.38,253224.707
408,002500.SZ,20181101,5.91,6.23,5.9,5.92,5.91,0.01,0.1692,553862.15,335544.879
409,002500.SZ,20181031,5.97,6.05,5.85,5.91,6.03,-0.12,-1.99,411367.94,244251.464
410,002500.SZ,20181030,5.77,6.18,5.65,6.03,5.76,0.27,4.6875,653168.09,388052.723
411,002500.SZ,20181029,5.79,5.95,5.72,5.76,5.8,-0.04,-0.6897,300692.05,175145.643
412,002500.SZ,20181026,6.08,6.08,5.75,5.8,6.0,-0.2,-3.3333,520380.44,306887.294
413,002500.SZ,20181025,5.48,6.05,5.46,6.0,5.68,0.32,5.6338,677853.98,391352.559
414,002500.SZ,20181024,5.38,5.85,5.33,5.68,5.49,0.19,3.4608,584005.24,328920.918
415,002500.SZ,20181023,5.74,5.79,5.45,5.49,5.54,-0.05,-0.9025,578156.57,325925.573
416,002500.SZ,20181022,5.06,5.54,5.05,5.54,5.04,0.5,9.9206,442284.09,238689.187
417,002500.SZ,20181019,4.9,5.07,4.84,5.04,4.92,0.12,2.439,185927.11,92722.881
418,002500.SZ,20181018,4.98,5.03,4.91,4.92,5.01,-0.09,-1.7964,131395.91,65392.253
419,002500.SZ,20181017,5.05,5.06,4.89,5.01,4.97,0.04,0.8048,176608.14,88242.348
420,002500.SZ,20181016,5.07,5.18,4.92,4.97,5.07,-0.1,-1.9724,181805.98,91834.174
421,002500.SZ,20181015,5.22,5.28,5.06,5.07,5.21,-0.14,-2.6871,144353.79,74804.98
422,002500.SZ,20181012,5.39,5.43,5.07,5.21,5.43,-0.22,-4.0516,238217.91,124870.001
423,002500.SZ,20181011,5.79,5.87,5.43,5.43,6.03,-0.6,-9.9502,272764.72,152994.27
424,002500.SZ,20181010,6.05,6.07,6.01,6.03,6.02,0.01,0.1661,67507.08,40720.66
425,002500.SZ,20181009,6.05,6.07,6.0,6.02,6.01,0.01,0.1664,77931.82,47019.561
426,002500.SZ,20181008,6.18,6.19,6.01,6.01,6.24,-0.23,-3.6859,168048.78,102554.622
427,002500.SZ,20180928,6.23,6.27,6.21,6.24,6.2,0.04,0.6452,87740.94,54775.187
428,002500.SZ,20180927,6.27,6.29,6.19,6.2,6.28,-0.08,-1.2739,109400.13,68261.725
429,002500.SZ,20180926,6.29,6.37,6.27,6.28,6.28,0.0,0.0,158804.72,100377.28
430,002500.SZ,20180925,6.28,6.3,6.25,6.28,6.33,-0.05,-0.7899,94975.64,59600.079
431,002500.SZ,20180921,6.26,6.35,6.22,6.33,6.24,0.09,1.4423,199782.66,125978.308
432,002500.SZ,20180920,6.27,6.34,6.23,6.24,6.27,-0.03,-0.4785,135504.24,84996.366
433,002500.SZ,20180919,6.24,6.32,6.22,6.27,6.27,0.0,0.0,144339.36,90586.542
434,002500.SZ,20180918,6.12,6.28,6.12,6.27,6.18,0.09,1.4563,128962.43,80292.0
435,002500.SZ,20180917,6.14,6.24,6.09,6.18,6.15,0.03,0.4878,129133.21,79582.586
436,002500.SZ,20180914,6.19,6.21,6.13,6.15,6.19,-0.04,-0.6462,71502.36,44067.426
437,002500.SZ,20180913,6.22,6.22,6.11,6.19,6.12,0.07,1.1438,114173.81,70413.091
438,002500.SZ,20180912,6.1,6.19,6.08,6.12,6.09,0.03,0.4926,95342.44,58603.147
439,002500.SZ,20180911,6.08,6.15,6.07,6.09,6.08,0.01,0.1645,100146.65,61100.845
440,002500.SZ,20180910,6.24,6.24,6.08,6.08,6.23,-0.15,-2.4077,139698.45,85595.179
441,002500.SZ,20180907,6.22,6.3,6.2,6.23,6.24,-0.01,-0.1603,118579.07,74144.347
442,002500.SZ,20180906,6.27,6.33,6.23,6.24,6.27,-0.03,-0.4785,85010.4,53346.869
443,002500.SZ,20180905,6.37,6.4,6.27,6.27,6.41,-0.14,-2.1841,119863.62,76090.542
444,002500.SZ,20180904,6.36,6.42,6.32,6.41,6.35,0.06,0.9449,150119.67,95811.001
445,002500.SZ,20180903,6.35,6.41,6.27,6.35,6.34,0.01,0.1577,113188.26,71753.829
446,002500.SZ,20180831,6.33,6.43,6.32,6.34,6.32,0.02,0.3165,138419.03,88194.249
447,002500.SZ,20180830,6.37,6.4,6.32,6.32,6.37,-0.05,-0.7849,127209.74,80912.725
448,002500.SZ,20180829,6.39,6.44,6.35,6.37,6.42,-0.05,-0.7788,123165.06,78640.022
449,002500.SZ,20180828,6.47,6.47,6.41,6.42,6.45,-0.03,-0.4651,127709.01,82155.897
450,002500.SZ,20180827,6.37,6.49,6.36,6.45,6.38,0.07,1.0972,222485.94,143065.885
451,002500.SZ,20180824,6.37,6.47,6.3,6.38,6.42,-0.04,-0.6231,237993.16,151745.226
452,002500.SZ,20180823,6.22,6.75,6.2,6.42,6.25,0.17,2.72,323270.57,207611.017
453,002500.SZ,20180822,6.31,6.31,6.23,6.25,6.32,-0.07,-1.1076,81812.61,51239.435
454,002500.SZ,20180821,6.29,6.34,6.26,6.32,6.28,0.04,0.6369,137963.66,86895.1
455,002500.SZ,20180820,6.18,6.32,6.15,6.28,6.17,0.11,1.7828,148204.23,92623.236
456,002500.SZ,20180817,6.29,6.33,6.14,6.17,6.24,-0.07,-1.1218,139337.2,87009.361
457,002500.SZ,20180816,6.1,6.4,6.08,6.24,6.17,0.07,1.1345,215119.35,134748.574
458,002500.SZ,20180815,6.29,6.32,6.15,6.17,6.28,-0.11,-1.7516,123022.95,76752.627
459,002500.SZ,20180814,6.28,6.31,6.23,6.28,6.28,0.0,0.0,87875.3,55135.116
460,002500.SZ,20180813,6.24,6.3,6.2,6.28,6.31,-0.03,-0.4754,104300.0,65095.342
461,002500.SZ,20180810,6.31,6.35,6.28,6.31,6.32,-0.01,-0.1582,113598.38,71751.323
462,002500.SZ,20180809,6.21,6.35,6.18,6.32,6.22,0.1,1.6077,158242.23,99912.541
463,002500.SZ,20180808,6.3,6.33,6.2,6.22,6.34,-0.12,-1.8927,108479.26,68059.142
464,002500.SZ,20180807,6.18,6.35,6.18,6.34,6.18,0.16,2.589,141572.16,88772.906
465,002500.SZ,20180806,6.24,6.33,6.15,6.18,6.24,-0.06,-0.9615,146634.7,91450.008
466,002500.SZ,20180803,6.29,6.35,6.23,6.24,6.29,-0.05,-0.7949,106190.91,66702.998
467,002500.SZ,20180802,6.51,6.53,6.2,6.29,6.53,-0.24,-3.6753,256728.52,163123.487
468,002500.SZ,20180801,6.7,6.76,6.53,6.53,6.7,-0.17,-2.5373,172462.76,114493.027
469,002500.SZ,20180731,6.64,6.76,6.62,6.7,6.65,0.05,0.7519,116466.47,77879.266
470,002500.SZ,20180730,6.72,6.79,6.6,6.65,6.73,-0.08,-1.1887,187264.4,125059.857
471,002500.SZ,20180727,6.75,6.89,6.71,6.73,6.77,-0.04,-0.5908,192083.72,129956.822
472,002500.SZ,20180726,6.81,6.87,6.76,6.77,6.79,-0.02,-0.2946,169210.47,115059.81
473,002500.SZ,20180725,6.8,6.84,6.75,6.79,6.84,-0.05,-0.731,187225.76,127148.57
474,002500.SZ,20180724,6.74,6.95,6.73,6.84,6.77,0.07,1.034,401556.51,275281.074
475,002500.SZ,20180723,6.63,6.81,6.6,6.77,6.67,0.1,1.4993,255820.92,171961.961
476,002500.SZ,20180720,6.48,6.72,6.45,6.67,6.48,0.19,2.9321,286958.62,190389.873
477,002500.SZ,20180719,6.56,6.63,6.46,6.48,6.56,-0.08,-1.22,107692.66,70255.942
478,002500.SZ,20180718,6.66,6.7,6.56,6.56,6.64,-0.08,-1.2,123850.23,82139.168
479,002500.SZ,20180717,6.63,6.66,6.56,6.64,6.64,0.0,0.0,87261.05,57717.801
480,002500.SZ,20180716,6.68,6.7,6.61,6.64,6.65,-0.01,-0.15,83312.51,55286.011
481,002500.SZ,20180713,6.71,6.74,6.63,6.65,6.71,-0.06,-0.89,153651.56,102538.813
482,002500.SZ,20180712,6.51,6.75,6.51,6.71,6.51,0.2,3.07,247687.08,165167.04
483,002500.SZ,20180711,6.63,6.66,6.41,6.51,6.75,-0.24,-3.56,234652.23,153561.133
484,002500.SZ,20180710,6.77,6.79,6.69,6.75,6.74,0.01,0.15,177512.16,119551.521
485,002500.SZ,20180709,6.65,6.74,6.63,6.74,6.64,0.1,1.51,204720.09,137115.836
486,002500.SZ,20180706,6.47,7.01,6.33,6.64,6.43,0.21,3.27,367543.43,244049.674
487,002500.SZ,20180705,6.57,6.66,6.42,6.43,6.59,-0.16,-2.43,151546.71,99382.764
488,002500.SZ,20180704,6.7,6.7,6.55,6.59,6.68,-0.09,-1.35,133686.44,88461.371
489,002500.SZ,20180703,6.58,6.71,6.5,6.68,6.57,0.11,1.67,192336.37,127836.181
490,002500.SZ,20180702,6.74,6.75,6.48,6.57,6.74,-0.17,-2.52,180075.12,119745.012
